date,sku_id,opening_units,received_units,sold_units,spoilage_units,closing_units,expiry_days
2024-10-16,2000,410,153,188,9,366,4
2024-10-17,2000,366,194,194,8,358,4
2024-10-18,2000,358,149,194,10,303,4
2024-10-19,2000,303,148,224,4,223,4
2024-10-20,2000,223,107,165,9,156,4
2024-10-21,2000,156,191,77,4,266,4
2024-10-22,2000,266,172,159,4,275,4
2024-10-23,2000,275,139,203,8,203,4
2024-10-24,2000,203,105,90,10,208,4
2024-10-25,2000,208,181,122,9,258,4
2024-10-26,2000,258,169,125,4,298,4
2024-10-27,2000,298,171,140,5,324,4
2024-10-28,2000,324,116,178,8,254,4
2024-10-29,2000,254,112,160,9,197,4
2024-10-30,2000,197,117,123,6,185,4
2024-10-31,2000,185,142,110,9,208,4
2024-11-01,2000,208,118,200,5,121,4
2024-11-02,2000,121,184,172,6,127,4
2024-11-03,2000,127,173,154,3,143,4
2024-11-04,2000,143,162,102,7,196,4
2024-11-05,2000,196,190,128,3,255,4
2024-11-06,2000,255,172,174,3,250,4
2024-11-07,2000,250,190,152,10,278,4
2024-11-08,2000,278,129,149,6,252,4
2024-11-09,2000,252,142,158,4,232,4
2024-11-10,2000,232,167,183,10,206,4
2024-11-11,2000,206,113,181,2,136,4
2024-11-12,2000,136,145,184,2,95,4
2024-11-13,2000,95,199,216,5,73,4
2024-11-14,2000,73,120,140,3,50,4
2024-11-15,2000,50,189,180,10,49,4
2024-11-16,2000,49,105,60,8,86,4
2024-11-17,2000,86,116,204,6,0,4
2024-11-18,2000,0,105,133,2,0,4
2024-11-19,2000,0,154,119,8,27,4
2024-11-20,2000,27,139,159,2,5,4
2024-11-21,2000,5,180,143,4,38,4
2024-11-22,2000,38,162,147,2,51,4
2024-11-23,2000,51,110,68,10,83,4
2024-11-24,2000,83,169,168,7,77,4
2024-11-25,2000,77,180,212,8,37,4
2024-11-26,2000,37,189,152,5,69,4
2024-11-27,2000,69,179,59,7,182,4
2024-11-28,2000,182,141,180,8,135,4
2024-11-29,2000,135,151,170,7,109,4
2024-11-30,2000,109,168,144,2,131,4
2024-12-01,2000,131,174,147,3,155,4
2024-12-02,2000,155,115,115,7,148,4
2024-12-03,2000,148,178,91,8,227,4
2024-12-04,2000,227,182,184,4,221,4
2024-12-05,2000,221,135,232,8,116,4
2024-12-06,2000,116,192,166,5,137,4
2024-12-07,2000,137,153,162,7,121,4
2024-12-08,2000,121,168,165,3,121,4
2024-12-09,2000,121,196,226,4,87,4
2024-12-10,2000,87,124,108,5,98,4
2024-12-11,2000,98,122,208,10,2,4
2024-12-12,2000,2,134,106,9,21,4
2024-12-13,2000,21,108,186,4,0,4
2024-12-14,2000,0,168,212,7,0,4
2024-12-15,2000,0,100,79,6,15,4
2024-12-16,2000,15,151,173,2,0,4
2024-12-17,2000,0,144,180,3,0,4
2024-12-18,2000,0,108,183,2,0,4
2024-12-19,2000,0,117,150,7,0,4
2024-12-20,2000,0,146,152,9,0,4
2024-12-21,2000,0,168,150,7,11,4
2024-12-22,2000,11,114,144,5,0,4
2024-12-23,2000,0,172,122,7,43,4
2024-12-24,2000,43,124,270,3,0,4
2024-12-25,2000,0,152,130,10,12,4
2024-12-26,2000,12,129,133,7,1,4
2024-12-27,2000,1,156,168,4,0,4
2024-12-28,2000,0,104,195,10,0,4
2024-12-29,2000,0,140,120,4,16,4
2024-12-30,2000,16,161,147,5,25,4
2024-12-31,2000,25,142,124,7,36,4
2025-01-01,2000,36,132,139,10,19,4
2025-01-02,2000,19,177,211,7,0,4
2025-01-03,2000,0,187,102,7,78,4
2025-01-04,2000,78,199,145,5,127,4
2025-01-05,2000,127,182,148,6,155,4
2025-01-06,2000,155,150,115,4,186,4
2025-01-07,2000,186,155,132,9,200,4
2025-01-08,2000,200,181,50,6,325,4
2025-01-09,2000,325,176,133,4,364,4
2025-01-10,2000,364,102,139,8,319,4
2025-01-11,2000,319,117,209,3,224,4
2025-01-12,2000,224,143,121,6,240,4
2025-01-13,2000,240,143,175,10,198,4
2025-01-14,2000,198,173,200,9,162,4
2025-01-15,2000,162,166,157,9,162,4
2025-01-16,2000,162,184,146,5,195,4
2025-01-17,2000,195,175,160,10,200,4
2025-01-18,2000,200,154,150,6,198,4
2025-01-19,2000,198,104,160,2,140,4
2025-01-20,2000,140,184,183,5,136,4
2025-01-21,2000,136,105,143,5,93,4
2025-01-22,2000,93,160,193,4,56,4
2025-01-23,2000,56,142,99,6,93,4
2025-01-24,2000,93,185,129,8,141,4
2025-01-25,2000,141,174,203,9,103,4
2025-01-26,2000,103,107,171,9,30,4
2025-01-27,2000,30,119,159,5,0,4
2025-01-28,2000,0,127,134,2,0,4
2025-01-29,2000,0,100,175,8,0,4
2025-01-30,2000,0,141,144,9,0,4
2025-01-31,2000,0,145,171,3,0,4
2025-02-01,2000,0,116,163,6,0,4
2025-02-02,2000,0,141,106,10,25,4
2025-02-03,2000,25,156,147,2,32,4
2025-02-04,2000,32,120,192,6,0,4
2025-02-05,2000,0,114,181,3,0,4
2025-02-06,2000,0,170,143,3,24,4
2025-02-07,2000,24,115,124,2,13,4
2025-02-08,2000,13,164,207,9,0,4
2025-02-09,2000,0,167,131,10,26,4
2025-02-10,2000,26,107,135,8,0,4
2025-02-11,2000,0,122,204,5,0,4
2025-02-12,2000,0,109,141,3,0,4
2025-02-13,2000,0,174,179,8,0,4
2025-02-14,2000,0,125,120,7,0,4
2025-02-15,2000,0,195,145,5,45,4
2025-02-16,2000,45,108,145,10,0,4
2025-02-17,2000,0,165,94,9,62,4
2025-02-18,2000,62,183,172,3,70,4
2025-02-19,2000,70,140,104,5,101,4
2025-02-20,2000,101,156,122,2,133,4
2025-02-21,2000,133,130,192,2,69,4
2025-02-22,2000,69,130,102,10,87,4
2025-02-23,2000,87,143,172,7,51,4
2025-02-24,2000,51,171,114,4,104,4
2025-02-25,2000,104,190,131,8,155,4
2025-02-26,2000,155,141,212,6,78,4
2025-02-27,2000,78,192,122,5,143,4
2025-02-28,2000,143,135,54,2,222,4
2025-03-01,2000,222,168,134,2,254,4
2025-03-02,2000,254,198,137,3,312,4
2025-03-03,2000,312,184,168,7,321,4
2025-03-04,2000,321,161,181,4,297,4
2025-03-05,2000,297,166,181,9,273,4
2025-03-06,2000,273,116,130,8,251,4
2025-03-07,2000,251,105,150,6,200,4
2025-03-08,2000,200,115,204,2,109,4
2025-03-09,2000,109,126,123,10,102,4
2025-03-10,2000,102,107,87,6,116,4
2025-03-11,2000,116,146,220,3,39,4
2025-03-12,2000,39,144,121,10,52,4
2025-03-13,2000,52,160,269,4,0,4
2025-03-14,2000,0,116,143,6,0,4
2025-03-15,2000,0,149,93,5,51,4
2025-03-16,2000,51,106,166,4,0,4
2025-03-17,2000,0,188,98,10,80,4
2025-03-18,2000,80,195,164,5,106,4
2025-03-19,2000,106,141,107,9,131,4
2025-03-20,2000,131,200,165,3,163,4
2025-03-21,2000,163,199,183,10,169,4
2025-03-22,2000,169,100,99,7,163,4
2025-03-23,2000,163,116,209,2,68,4
2025-03-24,2000,68,164,154,6,72,4
2025-03-25,2000,72,162,183,10,41,4
2025-03-26,2000,41,135,173,9,0,4
2025-03-27,2000,0,162,157,7,0,4
2025-03-28,2000,0,184,101,6,77,4
2025-03-29,2000,77,188,151,9,105,4
2025-03-30,2000,105,188,128,5,160,4
2025-03-31,2000,160,117,93,2,182,4
2025-04-01,2000,182,153,138,2,195,4
2025-04-02,2000,195,127,153,8,161,4
2025-04-03,2000,161,149,138,3,169,4
2025-04-04,2000,169,188,119,6,232,4
2025-04-05,2000,232,163,136,8,251,4
2025-04-06,2000,251,144,124,8,263,4
2025-04-07,2000,263,161,139,9,276,4
2025-04-08,2000,276,140,93,9,314,4
2025-04-09,2000,314,145,104,6,349,4
2025-04-10,2000,349,186,127,2,406,4
2025-04-11,2000,406,153,128,7,424,4
2025-04-12,2000,424,107,133,10,388,4
2025-04-13,2000,388,159,172,4,371,4
2025-04-14,2000,371,163,190,10,334,4
2025-04-15,2000,334,193,190,4,333,4
2025-04-16,2000,333,191,99,9,416,4
2025-04-17,2000,416,171,71,5,511,4
2025-04-18,2000,511,171,134,4,544,4
2025-04-19,2000,544,107,168,6,477,4
2025-04-20,2000,477,198,162,3,510,4
2025-04-21,2000,510,149,196,5,458,4
2025-04-22,2000,458,158,125,4,487,4
2025-04-23,2000,487,196,78,10,595,4
2025-04-24,2000,595,119,215,7,492,4
2025-04-25,2000,492,168,153,8,499,4
2025-04-26,2000,499,111,216,8,386,4
2025-04-27,2000,386,109,157,3,335,4
2025-04-28,2000,335,127,193,4,265,4
2025-04-29,2000,265,176,105,10,326,4
2025-04-30,2000,326,181,202,4,301,4
2025-05-01,2000,301,170,182,2,287,4
2025-05-02,2000,287,166,71,10,372,4
2025-05-03,2000,372,103,159,5,311,4
2025-05-04,2000,311,170,113,4,364,4
2025-05-05,2000,364,184,88,10,450,4
2025-05-06,2000,450,158,170,9,429,4
2025-05-07,2000,429,124,93,6,454,4
2025-05-08,2000,454,158,69,3,540,4
2025-05-09,2000,540,188,228,3,497,4
2025-05-10,2000,497,192,148,3,538,4
2025-05-11,2000,538,167,167,2,536,4
2025-05-12,2000,536,183,164,6,549,4
2025-05-13,2000,549,139,120,9,559,4
2025-05-14,2000,559,135,147,10,537,4
2025-05-15,2000,537,173,152,2,556,4
2025-05-16,2000,556,158,206,6,502,4
2025-05-17,2000,502,126,161,10,457,4
2025-05-18,2000,457,102,205,10,344,4
2025-05-19,2000,344,180,205,8,311,4
2025-05-20,2000,311,110,152,4,265,4
2025-05-21,2000,265,103,138,9,221,4
2025-05-22,2000,221,190,125,9,277,4
2025-05-23,2000,277,193,109,7,354,4
2025-05-24,2000,354,109,185,9,269,4
2025-05-25,2000,269,144,57,9,347,4
2025-05-26,2000,347,110,146,10,301,4
2025-05-27,2000,301,143,182,5,257,4
2025-05-28,2000,257,109,161,9,196,4
2025-05-29,2000,196,113,172,4,133,4
2025-05-30,2000,133,143,124,9,143,4
2025-05-31,2000,143,182,174,10,141,4
2025-06-01,2000,141,101,214,2,26,4
2025-06-02,2000,26,196,201,8,13,4
2025-06-03,2000,13,162,138,5,32,4
2025-06-04,2000,32,175,162,5,40,4
2025-06-05,2000,40,162,120,7,75,4
2025-06-06,2000,75,161,130,4,102,4
2025-06-07,2000,102,109,141,5,65,4
2025-06-08,2000,65,108,173,9,0,4
2025-06-09,2000,0,188,135,2,51,4
2025-06-10,2000,51,113,105,9,50,4
2025-06-11,2000,50,172,141,5,76,4
2025-06-12,2000,76,152,167,9,52,4
2025-06-13,2000,52,168,83,8,129,4
2025-06-14,2000,129,142,97,5,169,4
2025-06-15,2000,169,178,124,4,219,4
2025-06-16,2000,219,175,92,5,297,4
2025-06-17,2000,297,156,170,9,274,4
2025-06-18,2000,274,137,57,3,351,4
2025-06-19,2000,351,191,184,4,354,4
2025-06-20,2000,354,107,117,3,341,4
2025-06-21,2000,341,152,140,10,343,4
2025-06-22,2000,343,120,186,4,273,4
2025-06-23,2000,273,195,123,6,339,4
2025-06-24,2000,339,111,134,10,306,4
2025-06-25,2000,306,183,175,8,306,4
2025-06-26,2000,306,118,74,8,342,4
2025-06-27,2000,342,147,202,3,284,4
2025-06-28,2000,284,148,245,9,178,4
2025-06-29,2000,178,187,188,8,169,4
2025-06-30,2000,169,167,82,5,249,4
2025-07-01,2000,249,107,116,9,231,4
2025-07-02,2000,231,120,130,10,211,4
2025-07-03,2000,211,177,150,2,236,4
2025-07-04,2000,236,124,96,8,256,4
2025-07-05,2000,256,150,129,2,275,4
2025-07-06,2000,275,185,190,5,265,4
2025-07-07,2000,265,148,207,5,201,4
2025-07-08,2000,201,147,154,2,192,4
2025-07-09,2000,192,162,138,4,212,4
2025-07-10,2000,212,148,152,3,205,4
2025-07-11,2000,205,115,182,5,133,4
2025-07-12,2000,133,191,128,5,191,4
2025-07-13,2000,191,178,210,10,149,4
2025-07-14,2000,149,103,166,7,79,4
2025-07-15,2000,79,125,76,2,126,4
2025-07-16,2000,126,182,163,6,139,4
2025-07-17,2000,139,186,147,9,169,4
2025-07-18,2000,169,144,199,6,108,4
2025-07-19,2000,108,107,150,6,59,4
2025-07-20,2000,59,115,123,8,43,4
2025-07-21,2000,43,186,106,9,114,4
2025-07-22,2000,114,142,174,5,77,4
2025-07-23,2000,77,120,104,6,87,4
2025-07-24,2000,87,152,90,2,147,4
2025-07-25,2000,147,124,136,10,125,4
2025-07-26,2000,125,156,208,4,69,4
2025-07-27,2000,69,169,228,2,8,4
2025-07-28,2000,8,191,135,3,61,4
2025-07-29,2000,61,116,86,10,81,4
2025-07-30,2000,81,106,151,4,32,4
2025-07-31,2000,32,103,212,3,0,4
2025-08-01,2000,0,197,153,7,37,4
2025-08-02,2000,37,119,112,8,36,4
2025-08-03,2000,36,152,188,4,0,4
2025-08-04,2000,0,126,176,5,0,4
2025-08-05,2000,0,193,138,8,47,4
2025-08-06,2000,47,128,179,9,0,4
2025-08-07,2000,0,155,206,10,0,4
2025-08-08,2000,0,113,170,7,0,4
2025-08-09,2000,0,166,118,8,40,4
2025-08-10,2000,40,198,164,5,69,4
2025-08-11,2000,69,131,110,9,81,4
2025-08-12,2000,81,115,221,10,0,4
2025-08-13,2000,0,110,155,6,0,4
2025-08-14,2000,0,141,166,4,0,4
2025-08-15,2000,0,133,123,8,2,4
2025-08-16,2000,2,176,199,9,0,4
2025-08-17,2000,0,156,129,6,21,4
2025-08-18,2000,21,106,124,5,0,4
2025-08-19,2000,0,178,195,4,0,4
2025-08-20,2000,0,127,206,8,0,4
2025-08-21,2000,0,168,124,9,35,4
2025-08-22,2000,35,129,63,8,93,4
2025-08-23,2000,93,138,147,10,74,4
2025-08-24,2000,74,128,239,2,0,4
2025-08-25,2000,0,130,86,9,35,4
2025-08-26,2000,35,136,138,2,31,4
2025-08-27,2000,31,148,142,10,27,4
2025-08-28,2000,27,118,155,10,0,4
2025-08-29,2000,0,114,136,8,0,4
2025-08-30,2000,0,131,72,8,51,4
2025-08-31,2000,51,139,118,10,62,4
2025-09-01,2000,62,107,223,7,0,4
2025-09-02,2000,0,110,192,9,0,4
2025-09-03,2000,0,183,177,9,0,4
2025-09-04,2000,0,167,170,5,0,4
2025-09-05,2000,0,140,133,3,4,4
2025-09-06,2000,4,187,141,10,40,4
2025-09-07,2000,40,138,114,8,56,4
2025-09-08,2000,56,142,141,2,55,4
2025-09-09,2000,55,142,82,8,107,4
2025-09-10,2000,107,183,116,6,168,4
2025-09-11,2000,168,105,92,3,178,4
2025-09-12,2000,178,110,122,10,156,4
2025-09-13,2000,156,197,190,7,156,4
2025-09-14,2000,156,153,227,2,80,4
2025-09-15,2000,80,164,171,3,70,4
2025-09-16,2000,70,161,150,4,77,4
2025-09-17,2000,77,154,96,3,132,4
2025-09-18,2000,132,105,103,8,126,4
2025-09-19,2000,126,123,179,7,63,4
2025-09-20,2000,63,161,142,2,80,4
2025-09-21,2000,80,120,186,7,7,4
2025-09-22,2000,7,119,220,5,0,4
2025-09-23,2000,0,102,149,3,0,4
2025-09-24,2000,0,185,120,10,55,4
2025-09-25,2000,55,131,200,4,0,4
2025-09-26,2000,0,144,175,3,0,4
2025-09-27,2000,0,181,174,9,0,4
2025-09-28,2000,0,177,157,6,14,4
2025-09-29,2000,14,139,154,7,0,4
2025-09-30,2000,0,132,57,6,69,4
2025-10-01,2000,69,152,160,10,51,4
2025-10-02,2000,51,151,95,8,99,4
2025-10-03,2000,99,125,160,9,55,4
2025-10-04,2000,55,191,134,5,107,4
2025-10-05,2000,107,163,190,2,78,4
2025-10-06,2000,78,200,160,6,112,4
2025-10-07,2000,112,199,151,10,150,4
2025-10-08,2000,150,121,199,4,68,4
2025-10-09,2000,68,174,143,9,90,4
2025-10-10,2000,90,181,185,4,82,4
2025-10-11,2000,82,194,109,8,159,4
2025-10-12,2000,159,184,198,9,136,4
2025-10-13,2000,136,189,189,6,130,4
2025-10-14,2000,130,177,119,2,186,4
2025-10-15,2000,186,122,133,3,172,4
2024-10-16,2001,555,178,167,9,557,3
2024-10-17,2001,557,177,152,5,577,3
2024-10-18,2001,577,152,120,6,603,3
2024-10-19,2001,603,156,175,3,581,3
2024-10-20,2001,581,133,108,8,598,3
2024-10-21,2001,598,197,145,7,643,3
2024-10-22,2001,643,110,212,9,532,3
2024-10-23,2001,532,101,223,3,407,3
2024-10-24,2001,407,154,182,9,370,3
2024-10-25,2001,370,114,188,7,289,3
2024-10-26,2001,289,188,122,6,349,3
2024-10-27,2001,349,112,168,3,290,3
2024-10-28,2001,290,145,123,8,304,3
2024-10-29,2001,304,124,137,3,288,3
2024-10-30,2001,288,113,155,8,238,3
2024-10-31,2001,238,124,182,10,170,3
2024-11-01,2001,170,194,169,5,190,3
2024-11-02,2001,190,165,145,2,208,3
2024-11-03,2001,208,183,128,2,261,3
2024-11-04,2001,261,151,130,10,272,3
2024-11-05,2001,272,185,105,4,348,3
2024-11-06,2001,348,188,99,5,432,3
2024-11-07,2001,432,154,152,7,427,3
2024-11-08,2001,427,135,87,3,472,3
2024-11-09,2001,472,147,96,6,517,3
2024-11-10,2001,517,152,167,3,499,3
2024-11-11,2001,499,123,219,7,396,3
2024-11-12,2001,396,146,137,10,395,3
2024-11-13,2001,395,105,165,2,333,3
2024-11-14,2001,333,145,217,10,251,3
2024-11-15,2001,251,134,196,8,181,3
2024-11-16,2001,181,144,251,9,65,3
2024-11-17,2001,65,169,140,7,87,3
2024-11-18,2001,87,149,211,5,20,3
2024-11-19,2001,20,118,117,6,15,3
2024-11-20,2001,15,139,150,9,0,3
2024-11-21,2001,0,150,145,2,3,3
2024-11-22,2001,3,184,126,2,59,3
2024-11-23,2001,59,138,131,6,60,3
2024-11-24,2001,60,115,116,10,49,3
2024-11-25,2001,49,132,213,2,0,3
2024-11-26,2001,0,112,137,10,0,3
2024-11-27,2001,0,104,182,5,0,3
2024-11-28,2001,0,144,132,3,9,3
2024-11-29,2001,9,133,121,9,12,3
2024-11-30,2001,12,132,133,6,5,3
2024-12-01,2001,5,160,147,7,11,3
2024-12-02,2001,11,149,148,2,10,3
2024-12-03,2001,10,161,114,5,52,3
2024-12-04,2001,52,162,238,7,0,3
2024-12-05,2001,0,183,131,3,49,3
2024-12-06,2001,49,199,107,6,135,3
2024-12-07,2001,135,102,83,5,149,3
2024-12-08,2001,149,157,167,6,133,3
2024-12-09,2001,133,171,81,7,216,3
2024-12-10,2001,216,170,106,5,275,3
2024-12-11,2001,275,179,159,10,285,3
2024-12-12,2001,285,100,150,6,229,3
2024-12-13,2001,229,116,161,4,180,3
2024-12-14,2001,180,125,164,6,135,3
2024-12-15,2001,135,195,163,5,162,3
2024-12-16,2001,162,102,119,7,138,3
2024-12-17,2001,138,173,141,7,163,3
2024-12-18,2001,163,140,199,2,102,3
2024-12-19,2001,102,176,107,8,163,3
2024-12-20,2001,163,163,168,6,152,3
2024-12-21,2001,152,136,132,5,151,3
2024-12-22,2001,151,146,159,2,136,3
2024-12-23,2001,136,132,175,9,84,3
2024-12-24,2001,84,158,159,8,75,3
2024-12-25,2001,75,179,134,2,118,3
2024-12-26,2001,118,195,184,4,125,3
2024-12-27,2001,125,191,131,7,178,3
2024-12-28,2001,178,145,183,2,138,3
2024-12-29,2001,138,103,142,6,93,3
2024-12-30,2001,93,153,168,4,74,3
2024-12-31,2001,74,118,195,9,0,3
2025-01-01,2001,0,100,176,3,0,3
2025-01-02,2001,0,124,87,2,35,3
2025-01-03,2001,35,154,107,10,72,3
2025-01-04,2001,72,140,144,6,62,3
2025-01-05,2001,62,122,193,5,0,3
2025-01-06,2001,0,134,183,10,0,3
2025-01-07,2001,0,124,132,9,0,3
2025-01-08,2001,0,196,177,7,12,3
2025-01-09,2001,12,106,120,10,0,3
2025-01-10,2001,0,167,185,10,0,3
2025-01-11,2001,0,146,141,8,0,3
2025-01-12,2001,0,200,88,8,104,3
2025-01-13,2001,104,142,131,3,112,3
2025-01-14,2001,112,130,159,4,79,3
2025-01-15,2001,79,132,207,2,2,3
2025-01-16,2001,2,154,149,4,3,3
2025-01-17,2001,3,170,183,8,0,3
2025-01-18,2001,0,106,96,7,3,3
2025-01-19,2001,3,110,100,9,4,3
2025-01-20,2001,4,162,162,4,0,3
2025-01-21,2001,0,155,167,4,0,3
2025-01-22,2001,0,192,125,8,59,3
2025-01-23,2001,59,116,186,3,0,3
2025-01-24,2001,0,166,123,9,34,3
2025-01-25,2001,34,183,167,10,40,3
2025-01-26,2001,40,199,139,5,95,3
2025-01-27,2001,95,121,221,10,0,3
2025-01-28,2001,0,105,136,8,0,3
2025-01-29,2001,0,119,182,9,0,3
2025-01-30,2001,0,162,146,4,12,3
2025-01-31,2001,12,118,145,5,0,3
2025-02-01,2001,0,117,179,2,0,3
2025-02-02,2001,0,188,108,4,76,3
2025-02-03,2001,76,106,129,3,50,3
2025-02-04,2001,50,190,144,5,91,3
2025-02-05,2001,91,105,152,7,37,3
2025-02-06,2001,37,188,164,5,56,3
2025-02-07,2001,56,186,140,10,92,3
2025-02-08,2001,92,147,195,8,36,3
2025-02-09,2001,36,175,166,8,37,3
2025-02-10,2001,37,104,93,8,40,3
2025-02-11,2001,40,119,136,8,15,3
2025-02-12,2001,15,178,204,3,0,3
2025-02-13,2001,0,138,133,8,0,3
2025-02-14,2001,0,125,88,9,28,3
2025-02-15,2001,28,138,153,8,5,3
2025-02-16,2001,5,125,114,4,12,3
2025-02-17,2001,12,125,135,3,0,3
2025-02-18,2001,0,168,70,9,89,3
2025-02-19,2001,89,128,207,9,1,3
2025-02-20,2001,1,103,126,6,0,3
2025-02-21,2001,0,174,158,2,14,3
2025-02-22,2001,14,138,195,8,0,3
2025-02-23,2001,0,113,184,5,0,3
2025-02-24,2001,0,194,165,5,24,3
2025-02-25,2001,24,150,99,4,71,3
2025-02-26,2001,71,179,70,9,171,3
2025-02-27,2001,171,194,118,3,244,3
2025-02-28,2001,244,163,219,9,179,3
2025-03-01,2001,179,111,165,5,120,3
2025-03-02,2001,120,104,194,3,27,3
2025-03-03,2001,27,162,157,9,23,3
2025-03-04,2001,23,148,80,10,81,3
2025-03-05,2001,81,142,154,9,60,3
2025-03-06,2001,60,176,136,9,91,3
2025-03-07,2001,91,118,100,5,104,3
2025-03-08,2001,104,159,241,6,16,3
2025-03-09,2001,16,182,140,9,49,3
2025-03-10,2001,49,105,184,6,0,3
2025-03-11,2001,0,113,157,6,0,3
2025-03-12,2001,0,193,220,6,0,3
2025-03-13,2001,0,129,183,8,0,3
2025-03-14,2001,0,179,205,4,0,3
2025-03-15,2001,0,105,127,5,0,3
2025-03-16,2001,0,175,154,10,11,3
2025-03-17,2001,11,187,107,4,87,3
2025-03-18,2001,87,198,170,6,109,3
2025-03-19,2001,109,138,188,2,57,3
2025-03-20,2001,57,166,128,4,91,3
2025-03-21,2001,91,104,104,8,83,3
2025-03-22,2001,83,167,139,4,107,3
2025-03-23,2001,107,103,210,2,0,3
2025-03-24,2001,0,191,120,8,63,3
2025-03-25,2001,63,122,165,6,14,3
2025-03-26,2001,14,116,168,6,0,3
2025-03-27,2001,0,162,148,8,6,3
2025-03-28,2001,6,135,152,8,0,3
2025-03-29,2001,0,160,186,4,0,3
2025-03-30,2001,0,185,198,6,0,3
2025-03-31,2001,0,146,154,7,0,3
2025-04-01,2001,0,149,81,3,65,3
2025-04-02,2001,65,194,151,3,105,3
2025-04-03,2001,105,151,141,2,113,3
2025-04-04,2001,113,183,166,8,122,3
2025-04-05,2001,122,120,102,10,130,3
2025-04-06,2001,130,139,160,2,107,3
2025-04-07,2001,107,140,213,8,26,3
2025-04-08,2001,26,102,141,8,0,3
2025-04-09,2001,0,148,161,3,0,3
2025-04-10,2001,0,118,236,4,0,3
2025-04-11,2001,0,143,222,8,0,3
2025-04-12,2001,0,156,185,2,0,3
2025-04-13,2001,0,151,146,10,0,3
2025-04-14,2001,0,124,83,5,36,3
2025-04-15,2001,36,133,212,7,0,3
2025-04-16,2001,0,173,137,2,34,3
2025-04-17,2001,34,159,139,9,45,3
2025-04-18,2001,45,182,187,8,32,3
2025-04-19,2001,32,140,100,2,70,3
2025-04-20,2001,70,139,156,3,50,3
2025-04-21,2001,50,190,152,5,83,3
2025-04-22,2001,83,137,102,7,111,3
2025-04-23,2001,111,161,243,2,27,3
2025-04-24,2001,27,166,157,9,27,3
2025-04-25,2001,27,130,241,4,0,3
2025-04-26,2001,0,133,123,5,5,3
2025-04-27,2001,5,116,166,9,0,3
2025-04-28,2001,0,125,208,10,0,3
2025-04-29,2001,0,200,147,2,51,3
2025-04-30,2001,51,177,187,3,38,3
2025-05-01,2001,38,116,158,5,0,3
2025-05-02,2001,0,118,172,10,0,3
2025-05-03,2001,0,112,118,8,0,3
2025-05-04,2001,0,108,124,7,0,3
2025-05-05,2001,0,172,178,6,0,3
2025-05-06,2001,0,144,175,3,0,3
2025-05-07,2001,0,186,75,7,104,3
2025-05-08,2001,104,153,142,7,108,3
2025-05-09,2001,108,130,79,2,157,3
2025-05-10,2001,157,102,101,6,152,3
2025-05-11,2001,152,177,126,7,196,3
2025-05-12,2001,196,123,135,7,177,3
2025-05-13,2001,177,199,177,6,193,3
2025-05-14,2001,193,109,211,2,89,3
2025-05-15,2001,89,103,160,5,27,3
2025-05-16,2001,27,187,164,9,41,3
2025-05-17,2001,41,103,173,10,0,3
2025-05-18,2001,0,127,151,6,0,3
2025-05-19,2001,0,104,205,6,0,3
2025-05-20,2001,0,108,121,8,0,3
2025-05-21,2001,0,136,144,6,0,3
2025-05-22,2001,0,100,136,6,0,3
2025-05-23,2001,0,122,115,8,0,3
2025-05-24,2001,0,114,108,8,0,3
2025-05-25,2001,0,133,90,4,39,3
2025-05-26,2001,39,119,98,8,52,3
2025-05-27,2001,52,134,172,9,5,3
2025-05-28,2001,5,180,149,9,27,3
2025-05-29,2001,27,179,145,3,58,3
2025-05-30,2001,58,113,159,6,6,3
2025-05-31,2001,6,100,109,7,0,3
2025-06-01,2001,0,123,158,5,0,3
2025-06-02,2001,0,163,130,6,27,3
2025-06-03,2001,27,153,213,10,0,3
2025-06-04,2001,0,151,93,10,48,3
2025-06-05,2001,48,173,129,4,88,3
2025-06-06,2001,88,128,170,7,39,3
2025-06-07,2001,39,173,173,10,29,3
2025-06-08,2001,29,153,187,10,0,3
2025-06-09,2001,0,124,103,6,15,3
2025-06-10,2001,15,158,172,5,0,3
2025-06-11,2001,0,113,91,3,19,3
2025-06-12,2001,19,111,149,3,0,3
2025-06-13,2001,0,198,121,5,72,3
2025-06-14,2001,72,159,135,5,91,3
2025-06-15,2001,91,154,206,4,35,3
2025-06-16,2001,35,159,216,3,0,3
2025-06-17,2001,0,173,158,3,12,3
2025-06-18,2001,12,110,46,9,67,3
2025-06-19,2001,67,140,211,9,0,3
2025-06-20,2001,0,107,182,3,0,3
2025-06-21,2001,0,144,117,7,20,3
2025-06-22,2001,20,180,148,9,43,3
2025-06-23,2001,43,177,134,2,84,3
2025-06-24,2001,84,119,215,7,0,3
2025-06-25,2001,0,150,168,8,0,3
2025-06-26,2001,0,178,184,6,0,3
2025-06-27,2001,0,170,113,10,47,3
2025-06-28,2001,47,155,137,3,62,3
2025-06-29,2001,62,104,123,10,33,3
2025-06-30,2001,33,114,82,10,55,3
2025-07-01,2001,55,108,162,5,0,3
2025-07-02,2001,0,120,164,3,0,3
2025-07-03,2001,0,134,144,10,0,3
2025-07-04,2001,0,106,86,8,12,3
2025-07-05,2001,12,181,189,4,0,3
2025-07-06,2001,0,169,140,10,19,3
2025-07-07,2001,19,193,153,6,53,3
2025-07-08,2001,53,179,188,3,41,3
2025-07-09,2001,41,150,67,2,122,3
2025-07-10,2001,122,128,78,6,166,3
2025-07-11,2001,166,130,146,6,144,3
2025-07-12,2001,144,122,154,7,105,3
2025-07-13,2001,105,103,84,2,122,3
2025-07-14,2001,122,167,153,6,130,3
2025-07-15,2001,130,147,142,6,129,3
2025-07-16,2001,129,145,123,9,142,3
2025-07-17,2001,142,122,163,3,98,3
2025-07-18,2001,98,139,184,7,46,3
2025-07-19,2001,46,193,137,8,94,3
2025-07-20,2001,94,189,137,2,144,3
2025-07-21,2001,144,102,248,7,0,3
2025-07-22,2001,0,186,178,7,1,3
2025-07-23,2001,1,172,119,5,49,3
2025-07-24,2001,49,125,141,8,25,3
2025-07-25,2001,25,143,152,8,8,3
2025-07-26,2001,8,191,164,2,33,3
2025-07-27,2001,33,130,190,8,0,3
2025-07-28,2001,0,140,205,9,0,3
2025-07-29,2001,0,137,108,4,25,3
2025-07-30,2001,25,107,121,2,9,3
2025-07-31,2001,9,139,105,9,34,3
2025-08-01,2001,34,167,107,6,88,3
2025-08-02,2001,88,191,119,2,158,3
2025-08-03,2001,158,117,194,5,76,3
2025-08-04,2001,76,142,178,10,30,3
2025-08-05,2001,30,110,171,9,0,3
2025-08-06,2001,0,132,113,8,11,3
2025-08-07,2001,11,183,230,9,0,3
2025-08-08,2001,0,150,181,8,0,3
2025-08-09,2001,0,165,211,9,0,3
2025-08-10,2001,0,200,123,9,68,3
2025-08-11,2001,68,113,150,6,25,3
2025-08-12,2001,25,101,116,9,1,3
2025-08-13,2001,1,118,130,9,0,3
2025-08-14,2001,0,192,150,5,37,3
2025-08-15,2001,37,197,141,9,84,3
2025-08-16,2001,84,119,122,10,71,3
2025-08-17,2001,71,188,219,4,36,3
2025-08-18,2001,36,198,140,9,85,3
2025-08-19,2001,85,182,135,2,130,3
2025-08-20,2001,130,111,59,10,172,3
2025-08-21,2001,172,200,241,3,128,3
2025-08-22,2001,128,200,235,5,88,3
2025-08-23,2001,88,158,140,7,99,3
2025-08-24,2001,99,115,151,4,59,3
2025-08-25,2001,59,158,149,7,61,3
2025-08-26,2001,61,151,102,3,107,3
2025-08-27,2001,107,188,186,6,103,3
2025-08-28,2001,103,146,147,8,94,3
2025-08-29,2001,94,102,210,10,0,3
2025-08-30,2001,0,111,144,9,0,3
2025-08-31,2001,0,133,133,8,0,3
2025-09-01,2001,0,148,187,5,0,3
2025-09-02,2001,0,184,123,4,57,3
2025-09-03,2001,57,114,111,8,52,3
2025-09-04,2001,52,196,142,2,104,3
2025-09-05,2001,104,124,105,10,113,3
2025-09-06,2001,113,187,122,2,176,3
2025-09-07,2001,176,104,124,10,146,3
2025-09-08,2001,146,180,200,8,118,3
2025-09-09,2001,118,155,120,2,151,3
2025-09-10,2001,151,109,163,5,92,3
2025-09-11,2001,92,124,96,2,118,3
2025-09-12,2001,118,142,201,8,51,3
2025-09-13,2001,51,108,161,4,0,3
2025-09-14,2001,0,121,132,9,0,3
2025-09-15,2001,0,131,98,3,30,3
2025-09-16,2001,30,103,132,3,0,3
2025-09-17,2001,0,175,146,2,27,3
2025-09-18,2001,27,153,139,2,39,3
2025-09-19,2001,39,128,159,3,5,3
2025-09-20,2001,5,198,148,10,45,3
2025-09-21,2001,45,193,188,3,47,3
2025-09-22,2001,47,141,94,7,87,3
2025-09-23,2001,87,163,193,2,55,3
2025-09-24,2001,55,145,140,4,56,3
2025-09-25,2001,56,150,170,6,30,3
2025-09-26,2001,30,141,192,10,0,3
2025-09-27,2001,0,147,183,10,0,3
2025-09-28,2001,0,198,173,3,22,3
2025-09-29,2001,22,103,233,9,0,3
2025-09-30,2001,0,123,78,7,38,3
2025-10-01,2001,38,170,164,9,35,3
2025-10-02,2001,35,101,174,3,0,3
2025-10-03,2001,0,110,177,2,0,3
2025-10-04,2001,0,196,286,7,0,3
2025-10-05,2001,0,181,168,6,7,3
2025-10-06,2001,7,109,221,7,0,3
2025-10-07,2001,0,168,194,8,0,3
2025-10-08,2001,0,186,126,3,57,3
2025-10-09,2001,57,134,142,5,44,3
2025-10-10,2001,44,119,188,9,0,3
2025-10-11,2001,0,160,190,8,0,3
2025-10-12,2001,0,111,197,10,0,3
2025-10-13,2001,0,123,125,2,0,3
2025-10-14,2001,0,188,191,6,0,3
2025-10-15,2001,0,134,189,5,0,3
2024-10-16,2002,430,147,227,6,344,2
2024-10-17,2002,344,160,108,5,391,2
2024-10-18,2002,391,183,185,7,382,2
2024-10-19,2002,382,110,173,10,309,2
2024-10-20,2002,309,153,252,5,205,2
2024-10-21,2002,205,118,195,2,126,2
2024-10-22,2002,126,103,119,5,105,2
2024-10-23,2002,105,135,171,9,60,2
2024-10-24,2002,60,164,191,9,24,2
2024-10-25,2002,24,123,130,8,9,2
2024-10-26,2002,9,149,137,4,17,2
2024-10-27,2002,17,173,144,5,41,2
2024-10-28,2002,41,128,160,8,1,2
2024-10-29,2002,1,174,176,10,0,2
2024-10-30,2002,0,116,133,2,0,2
2024-10-31,2002,0,134,147,6,0,2
2024-11-01,2002,0,106,186,2,0,2
2024-11-02,2002,0,187,127,10,50,2
2024-11-03,2002,50,122,154,5,13,2
2024-11-04,2002,13,115,143,8,0,2
2024-11-05,2002,0,113,116,10,0,2
2024-11-06,2002,0,186,122,2,62,2
2024-11-07,2002,62,140,209,8,0,2
2024-11-08,2002,0,150,121,9,20,2
2024-11-09,2002,20,193,108,7,98,2
2024-11-10,2002,98,161,137,5,117,2
2024-11-11,2002,117,150,166,6,95,2
2024-11-12,2002,95,171,174,7,85,2
2024-11-13,2002,85,187,157,9,106,2
2024-11-14,2002,106,111,209,7,1,2
2024-11-15,2002,1,155,252,2,0,2
2024-11-16,2002,0,126,209,9,0,2
2024-11-17,2002,0,123,142,4,0,2
2024-11-18,2002,0,123,74,8,41,2
2024-11-19,2002,41,111,186,3,0,2
2024-11-20,2002,0,130,164,5,0,2
2024-11-21,2002,0,197,139,6,52,2
2024-11-22,2002,52,130,157,4,21,2
2024-11-23,2002,21,136,163,10,0,2
2024-11-24,2002,0,101,126,2,0,2
2024-11-25,2002,0,164,146,7,11,2
2024-11-26,2002,11,128,166,5,0,2
2024-11-27,2002,0,141,127,6,8,2
2024-11-28,2002,8,200,142,6,60,2
2024-11-29,2002,60,110,166,7,0,2
2024-11-30,2002,0,137,163,8,0,2
2024-12-01,2002,0,150,175,9,0,2
2024-12-02,2002,0,188,123,6,59,2
2024-12-03,2002,59,125,129,7,48,2
2024-12-04,2002,48,179,198,9,20,2
2024-12-05,2002,20,184,193,10,1,2
2024-12-06,2002,1,101,149,5,0,2
2024-12-07,2002,0,179,81,5,93,2
2024-12-08,2002,93,171,175,9,80,2
2024-12-09,2002,80,181,122,2,137,2
2024-12-10,2002,137,156,159,3,131,2
2024-12-11,2002,131,164,156,7,132,2
2024-12-12,2002,132,154,128,6,152,2
2024-12-13,2002,152,139,158,8,125,2
2024-12-14,2002,125,146,109,8,154,2
2024-12-15,2002,154,144,114,10,174,2
2024-12-16,2002,174,200,175,3,196,2
2024-12-17,2002,196,171,67,3,297,2
2024-12-18,2002,297,107,142,2,260,2
2024-12-19,2002,260,197,129,2,326,2
2024-12-20,2002,326,189,134,7,374,2
2024-12-21,2002,374,124,193,10,295,2
2024-12-22,2002,295,165,108,7,345,2
2024-12-23,2002,345,151,151,6,339,2
2024-12-24,2002,339,121,177,6,277,2
2024-12-25,2002,277,196,149,10,314,2
2024-12-26,2002,314,149,183,4,276,2
2024-12-27,2002,276,156,116,8,308,2
2024-12-28,2002,308,119,107,2,318,2
2024-12-29,2002,318,192,252,9,249,2
2024-12-30,2002,249,127,185,10,181,2
2024-12-31,2002,181,124,209,8,88,2
2025-01-01,2002,88,145,151,2,80,2
2025-01-02,2002,80,193,194,7,72,2
2025-01-03,2002,72,111,165,8,10,2
2025-01-04,2002,10,127,132,2,3,2
2025-01-05,2002,3,107,123,2,0,2
2025-01-06,2002,0,173,235,10,0,2
2025-01-07,2002,0,162,92,8,62,2
2025-01-08,2002,62,150,151,7,54,2
2025-01-09,2002,54,189,195,8,40,2
2025-01-10,2002,40,167,116,6,85,2
2025-01-11,2002,85,178,149,7,107,2
2025-01-12,2002,107,153,159,6,95,2
2025-01-13,2002,95,161,182,6,68,2
2025-01-14,2002,68,111,218,5,0,2
2025-01-15,2002,0,143,160,5,0,2
2025-01-16,2002,0,119,256,6,0,2
2025-01-17,2002,0,164,158,6,0,2
2025-01-18,2002,0,109,206,9,0,2
2025-01-19,2002,0,168,138,9,21,2
2025-01-20,2002,21,158,123,5,51,2
2025-01-21,2002,51,199,143,10,97,2
2025-01-22,2002,97,146,131,7,105,2
2025-01-23,2002,105,176,164,10,107,2
2025-01-24,2002,107,152,77,8,174,2
2025-01-25,2002,174,105,90,7,182,2
2025-01-26,2002,182,148,98,4,228,2
2025-01-27,2002,228,160,215,2,171,2
2025-01-28,2002,171,158,158,4,167,2
2025-01-29,2002,167,187,226,6,122,2
2025-01-30,2002,122,128,111,8,131,2
2025-01-31,2002,131,181,119,2,191,2
2025-02-01,2002,191,139,219,2,109,2
2025-02-02,2002,109,127,175,4,57,2
2025-02-03,2002,57,151,219,7,0,2
2025-02-04,2002,0,193,185,9,0,2
2025-02-05,2002,0,184,86,10,88,2
2025-02-06,2002,88,185,255,9,9,2
2025-02-07,2002,9,131,125,8,7,2
2025-02-08,2002,7,122,185,3,0,2
2025-02-09,2002,0,171,155,8,8,2
2025-02-10,2002,8,139,133,4,10,2
2025-02-11,2002,10,133,143,10,0,2
2025-02-12,2002,0,171,179,10,0,2
2025-02-13,2002,0,179,150,6,23,2
2025-02-14,2002,23,181,140,9,55,2
2025-02-15,2002,55,102,130,8,19,2
2025-02-16,2002,19,155,130,8,36,2
2025-02-17,2002,36,117,151,6,0,2
2025-02-18,2002,0,117,205,10,0,2
2025-02-19,2002,0,106,146,9,0,2
2025-02-20,2002,0,151,161,9,0,2
2025-02-21,2002,0,131,117,7,7,2
2025-02-22,2002,7,123,133,3,0,2
2025-02-23,2002,0,112,154,6,0,2
2025-02-24,2002,0,120,190,5,0,2
2025-02-25,2002,0,178,145,2,31,2
2025-02-26,2002,31,127,101,3,54,2
2025-02-27,2002,54,105,92,9,58,2
2025-02-28,2002,58,160,219,7,0,2
2025-03-01,2002,0,120,173,4,0,2
2025-03-02,2002,0,180,169,5,6,2
2025-03-03,2002,6,145,165,2,0,2
2025-03-04,2002,0,181,94,3,84,2
2025-03-05,2002,84,110,182,8,4,2
2025-03-06,2002,4,153,142,4,11,2
2025-03-07,2002,11,103,120,10,0,2
2025-03-08,2002,0,150,166,7,0,2
2025-03-09,2002,0,121,131,4,0,2
2025-03-10,2002,0,121,195,5,0,2
2025-03-11,2002,0,156,206,4,0,2
2025-03-12,2002,0,113,167,8,0,2
2025-03-13,2002,0,132,161,3,0,2
2025-03-14,2002,0,108,114,4,0,2
2025-03-15,2002,0,129,139,6,0,2
2025-03-16,2002,0,189,168,5,16,2
2025-03-17,2002,16,178,160,4,30,2
2025-03-18,2002,30,120,211,5,0,2
2025-03-19,2002,0,179,128,9,42,2
2025-03-20,2002,42,184,179,3,44,2
2025-03-21,2002,44,169,163,5,45,2
2025-03-22,2002,45,151,122,10,64,2
2025-03-23,2002,64,195,111,7,141,2
2025-03-24,2002,141,156,190,3,104,2
2025-03-25,2002,104,155,145,10,104,2
2025-03-26,2002,104,191,90,4,201,2
2025-03-27,2002,201,124,118,7,200,2
2025-03-28,2002,200,133,136,6,191,2
2025-03-29,2002,191,107,172,2,124,2
2025-03-30,2002,124,119,185,9,49,2
2025-03-31,2002,49,192,177,9,55,2
2025-04-01,2002,55,144,109,9,81,2
2025-04-02,2002,81,112,162,7,24,2
2025-04-03,2002,24,121,201,4,0,2
2025-04-04,2002,0,114,124,10,0,2
2025-04-05,2002,0,175,179,3,0,2
2025-04-06,2002,0,164,207,8,0,2
2025-04-07,2002,0,119,114,8,0,2
2025-04-08,2002,0,145,173,10,0,2
2025-04-09,2002,0,110,106,4,0,2
2025-04-10,2002,0,127,148,4,0,2
2025-04-11,2002,0,183,161,4,18,2
2025-04-12,2002,18,195,35,2,176,2
2025-04-13,2002,176,167,125,8,210,2
2025-04-14,2002,210,175,113,10,262,2
2025-04-15,2002,262,117,114,2,263,2
2025-04-16,2002,263,157,144,2,274,2
2025-04-17,2002,274,199,99,10,364,2
2025-04-18,2002,364,184,163,10,375,2
2025-04-19,2002,375,138,138,9,366,2
2025-04-20,2002,366,184,228,4,318,2
2025-04-21,2002,318,191,178,6,325,2
2025-04-22,2002,325,168,207,10,276,2
2025-04-23,2002,276,119,191,7,197,2
2025-04-24,2002,197,127,132,8,184,2
2025-04-25,2002,184,138,136,2,184,2
2025-04-26,2002,184,122,229,9,68,2
2025-04-27,2002,68,116,127,9,48,2
2025-04-28,2002,48,138,119,8,59,2
2025-04-29,2002,59,104,208,9,0,2
2025-04-30,2002,0,144,96,7,41,2
2025-05-01,2002,41,138,129,7,43,2
2025-05-02,2002,43,148,55,9,127,2
2025-05-03,2002,127,164,124,6,161,2
2025-05-04,2002,161,182,158,8,177,2
2025-05-05,2002,177,154,208,9,114,2
2025-05-06,2002,114,180,172,4,118,2
2025-05-07,2002,118,175,213,8,72,2
2025-05-08,2002,72,172,148,3,93,2
2025-05-09,2002,93,145,155,7,76,2
2025-05-10,2002,76,129,118,9,78,2
2025-05-11,2002,78,151,81,3,145,2
2025-05-12,2002,145,106,141,10,100,2
2025-05-13,2002,100,150,204,8,38,2
2025-05-14,2002,38,144,161,3,18,2
2025-05-15,2002,18,172,163,9,18,2
2025-05-16,2002,18,186,102,8,94,2
2025-05-17,2002,94,149,155,4,84,2
2025-05-18,2002,84,112,104,8,84,2
2025-05-19,2002,84,161,162,2,81,2
2025-05-20,2002,81,178,95,7,157,2
2025-05-21,2002,157,105,217,5,40,2
2025-05-22,2002,40,186,137,3,86,2
2025-05-23,2002,86,135,151,5,65,2
2025-05-24,2002,65,156,163,3,55,2
2025-05-25,2002,55,109,211,8,0,2
2025-05-26,2002,0,155,107,2,46,2
2025-05-27,2002,46,101,94,8,45,2
2025-05-28,2002,45,179,160,4,60,2
2025-05-29,2002,60,166,140,7,79,2
2025-05-30,2002,79,182,144,7,110,2
2025-05-31,2002,110,145,83,3,169,2
2025-06-01,2002,169,176,169,2,174,2
2025-06-02,2002,174,143,153,8,156,2
2025-06-03,2002,156,199,140,4,211,2
2025-06-04,2002,211,108,102,6,211,2
2025-06-05,2002,211,156,188,8,171,2
2025-06-06,2002,171,186,178,2,177,2
2025-06-07,2002,177,138,173,10,132,2
2025-06-08,2002,132,189,118,3,200,2
2025-06-09,2002,200,147,99,8,240,2
2025-06-10,2002,240,140,130,5,245,2
2025-06-11,2002,245,162,222,7,178,2
2025-06-12,2002,178,135,132,6,175,2
2025-06-13,2002,175,195,119,5,246,2
2025-06-14,2002,246,197,146,4,293,2
2025-06-15,2002,293,125,154,6,258,2
2025-06-16,2002,258,172,165,4,261,2
2025-06-17,2002,261,132,141,2,250,2
2025-06-18,2002,250,190,163,2,275,2
2025-06-19,2002,275,102,125,3,249,2
2025-06-20,2002,249,100,150,5,194,2
2025-06-21,2002,194,117,196,10,105,2
2025-06-22,2002,105,134,149,4,86,2
2025-06-23,2002,86,182,156,5,107,2
2025-06-24,2002,107,146,148,10,95,2
2025-06-25,2002,95,122,244,10,0,2
2025-06-26,2002,0,119,101,8,10,2
2025-06-27,2002,10,154,231,2,0,2
2025-06-28,2002,0,174,148,8,18,2
2025-06-29,2002,18,114,63,2,67,2
2025-06-30,2002,67,138,135,5,65,2
2025-07-01,2002,65,100,130,2,33,2
2025-07-02,2002,33,171,216,2,0,2
2025-07-03,2002,0,134,153,10,0,2
2025-07-04,2002,0,116,95,8,13,2
2025-07-05,2002,13,107,106,8,6,2
2025-07-06,2002,6,164,136,5,29,2
2025-07-07,2002,29,157,117,4,65,2
2025-07-08,2002,65,185,132,4,114,2
2025-07-09,2002,114,157,155,6,110,2
2025-07-10,2002,110,109,209,2,8,2
2025-07-11,2002,8,151,216,7,0,2
2025-07-12,2002,0,123,145,2,0,2
2025-07-13,2002,0,169,83,4,82,2
2025-07-14,2002,82,197,129,3,147,2
2025-07-15,2002,147,155,47,6,249,2
2025-07-16,2002,249,175,80,10,334,2
2025-07-17,2002,334,107,84,6,351,2
2025-07-18,2002,351,137,174,10,304,2
2025-07-19,2002,304,116,103,8,309,2
2025-07-20,2002,309,170,106,5,368,2
2025-07-21,2002,368,105,179,9,285,2
2025-07-22,2002,285,151,105,3,328,2
2025-07-23,2002,328,179,165,2,340,2
2025-07-24,2002,340,187,86,2,439,2
2025-07-25,2002,439,178,134,9,474,2
2025-07-26,2002,474,124,156,5,437,2
2025-07-27,2002,437,130,165,6,396,2
2025-07-28,2002,396,150,129,5,412,2
2025-07-29,2002,412,139,166,9,376,2
2025-07-30,2002,376,164,134,4,402,2
2025-07-31,2002,402,140,171,5,366,2
2025-08-01,2002,366,103,131,3,335,2
2025-08-02,2002,335,126,172,3,286,2
2025-08-03,2002,286,135,240,6,175,2
2025-08-04,2002,175,150,116,8,201,2
2025-08-05,2002,201,141,121,5,216,2
2025-08-06,2002,216,144,177,4,179,2
2025-08-07,2002,179,135,76,9,229,2
2025-08-08,2002,229,163,135,7,250,2
2025-08-09,2002,250,149,153,3,243,2
2025-08-10,2002,243,180,152,10,261,2
2025-08-11,2002,261,148,102,10,297,2
2025-08-12,2002,297,176,121,4,348,2
2025-08-13,2002,348,106,150,7,297,2
2025-08-14,2002,297,137,172,9,253,2
2025-08-15,2002,253,177,191,2,237,2
2025-08-16,2002,237,105,177,6,159,2
2025-08-17,2002,159,116,131,5,139,2
2025-08-18,2002,139,104,91,7,145,2
2025-08-19,2002,145,139,129,2,153,2
2025-08-20,2002,153,169,218,3,101,2
2025-08-21,2002,101,187,60,4,224,2
2025-08-22,2002,224,162,203,5,178,2
2025-08-23,2002,178,142,153,5,162,2
2025-08-24,2002,162,109,94,8,169,2
2025-08-25,2002,169,160,267,5,57,2
2025-08-26,2002,57,145,152,4,46,2
2025-08-27,2002,46,177,141,7,75,2
2025-08-28,2002,75,109,126,8,50,2
2025-08-29,2002,50,193,111,4,128,2
2025-08-30,2002,128,107,156,10,69,2
2025-08-31,2002,69,131,224,5,0,2
2025-09-01,2002,0,189,97,9,83,2
2025-09-02,2002,83,100,147,8,28,2
2025-09-03,2002,28,138,168,10,0,2
2025-09-04,2002,0,115,161,10,0,2
2025-09-05,2002,0,188,108,9,71,2
2025-09-06,2002,71,200,159,7,105,2
2025-09-07,2002,105,171,206,3,67,2
2025-09-08,2002,67,175,214,10,18,2
2025-09-09,2002,18,156,163,10,1,2
2025-09-10,2002,1,137,144,3,0,2
2025-09-11,2002,0,173,134,5,34,2
2025-09-12,2002,34,171,68,2,135,2
2025-09-13,2002,135,129,217,8,39,2
2025-09-14,2002,39,169,127,10,71,2
2025-09-15,2002,71,132,220,10,0,2
2025-09-16,2002,0,133,92,6,35,2
2025-09-17,2002,35,178,150,6,57,2
2025-09-18,2002,57,126,128,9,46,2
2025-09-19,2002,46,106,144,4,4,2
2025-09-20,2002,4,183,186,9,0,2
2025-09-21,2002,0,173,111,8,54,2
2025-09-22,2002,54,150,156,9,39,2
2025-09-23,2002,39,149,144,6,38,2
2025-09-24,2002,38,182,104,3,113,2
2025-09-25,2002,113,174,181,4,102,2
2025-09-26,2002,102,167,177,5,87,2
2025-09-27,2002,87,111,138,4,56,2
2025-09-28,2002,56,145,122,4,75,2
2025-09-29,2002,75,200,133,10,132,2
2025-09-30,2002,132,106,148,8,82,2
2025-10-01,2002,82,138,166,3,51,2
2025-10-02,2002,51,183,169,3,62,2
2025-10-03,2002,62,132,133,5,56,2
2025-10-04,2002,56,116,89,10,73,2
2025-10-05,2002,73,124,137,3,57,2
2025-10-06,2002,57,134,145,8,38,2
2025-10-07,2002,38,133,160,3,8,2
2025-10-08,2002,8,101,109,7,0,2
2025-10-09,2002,0,197,204,10,0,2
2025-10-10,2002,0,159,153,7,0,2
2025-10-11,2002,0,172,169,7,0,2
2025-10-12,2002,0,133,80,9,44,2
2025-10-13,2002,44,183,251,3,0,2
2025-10-14,2002,0,181,169,10,2,2
2025-10-15,2002,2,162,88,10,66,2
2024-10-16,2003,415,125,106,10,424,5
2024-10-17,2003,424,164,210,5,373,5
2024-10-18,2003,373,108,215,4,262,5
2024-10-19,2003,262,165,164,7,256,5
2024-10-20,2003,256,184,192,3,245,5
2024-10-21,2003,245,117,182,2,178,5
2024-10-22,2003,178,117,112,6,177,5
2024-10-23,2003,177,131,176,9,123,5
2024-10-24,2003,123,168,180,6,105,5
2024-10-25,2003,105,161,65,9,192,5
2024-10-26,2003,192,189,134,3,244,5
2024-10-27,2003,244,142,187,10,189,5
2024-10-28,2003,189,124,178,7,128,5
2024-10-29,2003,128,197,154,3,168,5
2024-10-30,2003,168,128,102,5,189,5
2024-10-31,2003,189,151,195,10,135,5
2024-11-01,2003,135,185,186,8,126,5
2024-11-02,2003,126,116,155,6,81,5
2024-11-03,2003,81,125,159,9,38,5
2024-11-04,2003,38,166,113,2,89,5
2024-11-05,2003,89,102,46,9,136,5
2024-11-06,2003,136,167,244,6,53,5
2024-11-07,2003,53,102,132,10,13,5
2024-11-08,2003,13,198,138,7,66,5
2024-11-09,2003,66,199,121,3,141,5
2024-11-10,2003,141,187,120,3,205,5
2024-11-11,2003,205,111,136,4,176,5
2024-11-12,2003,176,167,183,8,152,5
2024-11-13,2003,152,144,118,4,174,5
2024-11-14,2003,174,108,155,9,118,5
2024-11-15,2003,118,131,212,6,31,5
2024-11-16,2003,31,164,131,9,55,5
2024-11-17,2003,55,164,104,3,112,5
2024-11-18,2003,112,154,174,6,86,5
2024-11-19,2003,86,126,137,10,65,5
2024-11-20,2003,65,126,228,8,0,5
2024-11-21,2003,0,123,147,10,0,5
2024-11-22,2003,0,114,144,10,0,5
2024-11-23,2003,0,162,164,7,0,5
2024-11-24,2003,0,175,104,3,68,5
2024-11-25,2003,68,164,160,7,65,5
2024-11-26,2003,65,191,137,7,112,5
2024-11-27,2003,112,119,155,2,74,5
2024-11-28,2003,74,189,153,9,101,5
2024-11-29,2003,101,182,104,9,170,5
2024-11-30,2003,170,141,158,8,145,5
2024-12-01,2003,145,187,151,2,179,5
2024-12-02,2003,179,168,120,4,223,5
2024-12-03,2003,223,149,168,7,197,5
2024-12-04,2003,197,105,173,4,125,5
2024-12-05,2003,125,177,123,5,174,5
2024-12-06,2003,174,130,115,2,187,5
2024-12-07,2003,187,133,119,3,198,5
2024-12-08,2003,198,130,112,6,210,5
2024-12-09,2003,210,182,157,8,227,5
2024-12-10,2003,227,109,107,9,220,5
2024-12-11,2003,220,101,147,4,170,5
2024-12-12,2003,170,139,107,6,196,5
2024-12-13,2003,196,165,112,5,244,5
2024-12-14,2003,244,139,162,4,217,5
2024-12-15,2003,217,125,132,9,201,5
2024-12-16,2003,201,151,168,4,180,5
2024-12-17,2003,180,125,95,3,207,5
2024-12-18,2003,207,176,162,4,217,5
2024-12-19,2003,217,162,142,8,229,5
2024-12-20,2003,229,115,75,6,263,5
2024-12-21,2003,263,186,160,9,280,5
2024-12-22,2003,280,117,89,10,298,5
2024-12-23,2003,298,141,203,2,234,5
2024-12-24,2003,234,168,134,7,261,5
2024-12-25,2003,261,145,103,2,301,5
2024-12-26,2003,301,112,112,5,296,5
2024-12-27,2003,296,177,180,10,283,5
2024-12-28,2003,283,181,144,10,310,5
2024-12-29,2003,310,142,190,4,258,5
2024-12-30,2003,258,117,198,5,172,5
2024-12-31,2003,172,124,226,3,67,5
2025-01-01,2003,67,132,214,9,0,5
2025-01-02,2003,0,115,155,7,0,5
2025-01-03,2003,0,140,57,8,75,5
2025-01-04,2003,75,185,153,10,97,5
2025-01-05,2003,97,198,171,3,121,5
2025-01-06,2003,121,148,169,4,96,5
2025-01-07,2003,96,112,160,4,44,5
2025-01-08,2003,44,143,199,6,0,5
2025-01-09,2003,0,162,225,4,0,5
2025-01-10,2003,0,130,136,5,0,5
2025-01-11,2003,0,153,173,4,0,5
2025-01-12,2003,0,200,201,10,0,5
2025-01-13,2003,0,158,236,7,0,5
2025-01-14,2003,0,108,62,3,43,5
2025-01-15,2003,43,172,182,8,25,5
2025-01-16,2003,25,156,189,4,0,5
2025-01-17,2003,0,172,192,10,0,5
2025-01-18,2003,0,130,119,10,1,5
2025-01-19,2003,1,185,168,5,13,5
2025-01-20,2003,13,124,89,2,46,5
2025-01-21,2003,46,183,147,5,77,5
2025-01-22,2003,77,164,193,9,39,5
2025-01-23,2003,39,200,118,10,111,5
2025-01-24,2003,111,111,161,9,52,5
2025-01-25,2003,52,118,177,9,0,5
2025-01-26,2003,0,147,53,2,92,5
2025-01-27,2003,92,145,55,10,172,5
2025-01-28,2003,172,189,113,3,245,5
2025-01-29,2003,245,187,128,6,298,5
2025-01-30,2003,298,199,108,7,382,5
2025-01-31,2003,382,169,79,5,467,5
2025-02-01,2003,467,178,183,5,457,5
2025-02-02,2003,457,183,115,5,520,5
2025-02-03,2003,520,190,129,2,579,5
2025-02-04,2003,579,194,104,6,663,5
2025-02-05,2003,663,101,164,7,593,5
2025-02-06,2003,593,126,189,6,524,5
2025-02-07,2003,524,185,195,10,504,5
2025-02-08,2003,504,162,144,6,516,5
2025-02-09,2003,516,168,170,4,510,5
2025-02-10,2003,510,173,147,5,531,5
2025-02-11,2003,531,149,150,7,523,5
2025-02-12,2003,523,123,160,4,482,5
2025-02-13,2003,482,150,99,2,531,5
2025-02-14,2003,531,153,154,4,526,5
2025-02-15,2003,526,159,128,5,552,5
2025-02-16,2003,552,168,164,8,548,5
2025-02-17,2003,548,197,192,4,549,5
2025-02-18,2003,549,177,188,7,531,5
2025-02-19,2003,531,109,105,3,532,5
2025-02-20,2003,532,186,180,5,533,5
2025-02-21,2003,533,105,189,2,447,5
2025-02-22,2003,447,111,183,2,373,5
2025-02-23,2003,373,136,228,3,278,5
2025-02-24,2003,278,121,148,3,248,5
2025-02-25,2003,248,192,138,6,296,5
2025-02-26,2003,296,165,176,2,283,5
2025-02-27,2003,283,155,182,6,250,5
2025-02-28,2003,250,146,188,7,201,5
2025-03-01,2003,201,109,157,4,149,5
2025-03-02,2003,149,187,112,7,217,5
2025-03-03,2003,217,132,132,5,212,5
2025-03-04,2003,212,139,153,3,195,5
2025-03-05,2003,195,106,183,2,116,5
2025-03-06,2003,116,124,159,4,77,5
2025-03-07,2003,77,182,125,3,131,5
2025-03-08,2003,131,152,123,2,158,5
2025-03-09,2003,158,159,128,5,184,5
2025-03-10,2003,184,170,66,10,278,5
2025-03-11,2003,278,173,139,8,304,5
2025-03-12,2003,304,130,103,6,325,5
2025-03-13,2003,325,171,140,6,350,5
2025-03-14,2003,350,102,271,10,171,5
2025-03-15,2003,171,184,158,5,192,5
2025-03-16,2003,192,137,61,2,266,5
2025-03-17,2003,266,118,131,9,244,5
2025-03-18,2003,244,153,171,5,221,5
2025-03-19,2003,221,179,154,10,236,5
2025-03-20,2003,236,113,219,4,126,5
2025-03-21,2003,126,127,176,9,68,5
2025-03-22,2003,68,171,153,4,82,5
2025-03-23,2003,82,140,177,6,39,5
2025-03-24,2003,39,141,176,9,0,5
2025-03-25,2003,0,177,81,5,91,5
2025-03-26,2003,91,196,194,5,88,5
2025-03-27,2003,88,121,125,10,74,5
2025-03-28,2003,74,133,207,10,0,5
2025-03-29,2003,0,130,140,2,0,5
2025-03-30,2003,0,141,153,6,0,5
2025-03-31,2003,0,164,159,4,1,5
2025-04-01,2003,1,112,104,10,0,5
2025-04-02,2003,0,133,155,5,0,5
2025-04-03,2003,0,172,74,8,90,5
2025-04-04,2003,90,125,198,3,14,5
2025-04-05,2003,14,101,151,10,0,5
2025-04-06,2003,0,200,184,2,14,5
2025-04-07,2003,14,113,150,7,0,5
2025-04-08,2003,0,128,93,5,30,5
2025-04-09,2003,30,122,155,8,0,5
2025-04-10,2003,0,172,128,9,35,5
2025-04-11,2003,35,134,148,3,18,5
2025-04-12,2003,18,128,135,10,1,5
2025-04-13,2003,1,116,239,2,0,5
2025-04-14,2003,0,196,160,6,30,5
2025-04-15,2003,30,124,137,8,9,5
2025-04-16,2003,9,195,111,2,91,5
2025-04-17,2003,91,164,138,7,110,5
2025-04-18,2003,110,106,136,3,77,5
2025-04-19,2003,77,179,165,8,83,5
2025-04-20,2003,83,105,133,10,45,5
2025-04-21,2003,45,154,151,5,43,5
2025-04-22,2003,43,129,129,4,39,5
2025-04-23,2003,39,171,153,10,47,5
2025-04-24,2003,47,109,171,8,0,5
2025-04-25,2003,0,112,131,10,0,5
2025-04-26,2003,0,106,83,7,16,5
2025-04-27,2003,16,176,153,6,33,5
2025-04-28,2003,33,170,135,10,58,5
2025-04-29,2003,58,111,247,6,0,5
2025-04-30,2003,0,200,95,4,101,5
2025-05-01,2003,101,125,184,10,32,5
2025-05-02,2003,32,190,151,9,62,5
2025-05-03,2003,62,108,61,6,103,5
2025-05-04,2003,103,111,120,9,85,5
2025-05-05,2003,85,183,207,6,55,5
2025-05-06,2003,55,147,143,7,52,5
2025-05-07,2003,52,197,100,4,145,5
2025-05-08,2003,145,192,198,5,134,5
2025-05-09,2003,134,126,202,8,50,5
2025-05-10,2003,50,199,101,9,139,5
2025-05-11,2003,139,165,194,6,104,5
2025-05-12,2003,104,134,111,3,124,5
2025-05-13,2003,124,165,226,2,61,5
2025-05-14,2003,61,174,198,2,35,5
2025-05-15,2003,35,198,130,8,95,5
2025-05-16,2003,95,114,156,7,46,5
2025-05-17,2003,46,115,180,2,0,5
2025-05-18,2003,0,146,146,7,0,5
2025-05-19,2003,0,171,181,8,0,5
2025-05-20,2003,0,175,119,8,48,5
2025-05-21,2003,48,167,254,4,0,5
2025-05-22,2003,0,141,87,4,50,5
2025-05-23,2003,50,103,159,6,0,5
2025-05-24,2003,0,199,187,10,2,5
2025-05-25,2003,2,135,179,10,0,5
2025-05-26,2003,0,156,217,6,0,5
2025-05-27,2003,0,116,224,7,0,5
2025-05-28,2003,0,196,172,5,19,5
2025-05-29,2003,19,113,151,10,0,5
2025-05-30,2003,0,199,174,5,20,5
2025-05-31,2003,20,124,98,7,39,5
2025-06-01,2003,39,190,173,5,51,5
2025-06-02,2003,51,129,110,9,61,5
2025-06-03,2003,61,131,82,9,101,5
2025-06-04,2003,101,137,136,6,96,5
2025-06-05,2003,96,189,229,4,52,5
2025-06-06,2003,52,156,154,4,50,5
2025-06-07,2003,50,150,112,5,83,5
2025-06-08,2003,83,168,138,6,107,5
2025-06-09,2003,107,169,145,10,121,5
2025-06-10,2003,121,137,132,3,123,5
2025-06-11,2003,123,102,168,7,50,5
2025-06-12,2003,50,133,156,7,20,5
2025-06-13,2003,20,137,131,9,17,5
2025-06-14,2003,17,160,162,3,12,5
2025-06-15,2003,12,103,202,8,0,5
2025-06-16,2003,0,129,128,9,0,5
2025-06-17,2003,0,112,105,9,0,5
2025-06-18,2003,0,144,185,9,0,5
2025-06-19,2003,0,199,115,4,80,5
2025-06-20,2003,80,125,133,7,65,5
2025-06-21,2003,65,130,140,3,52,5
2025-06-22,2003,52,110,219,2,0,5
2025-06-23,2003,0,182,122,3,57,5
2025-06-24,2003,57,183,167,5,68,5
2025-06-25,2003,68,133,141,10,50,5
2025-06-26,2003,50,135,113,2,70,5
2025-06-27,2003,70,200,146,10,114,5
2025-06-28,2003,114,110,193,9,22,5
2025-06-29,2003,22,102,182,4,0,5
2025-06-30,2003,0,142,92,10,40,5
2025-07-01,2003,40,133,141,5,27,5
2025-07-02,2003,27,143,156,10,4,5
2025-07-03,2003,4,174,143,2,33,5
2025-07-04,2003,33,110,184,5,0,5
2025-07-05,2003,0,171,201,10,0,5
2025-07-06,2003,0,170,112,10,48,5
2025-07-07,2003,48,120,165,7,0,5
2025-07-08,2003,0,139,107,3,29,5
2025-07-09,2003,29,161,176,10,4,5
2025-07-10,2003,4,195,157,5,37,5
2025-07-11,2003,37,137,119,5,50,5
2025-07-12,2003,50,171,202,4,15,5
2025-07-13,2003,15,152,205,2,0,5
2025-07-14,2003,0,155,160,6,0,5
2025-07-15,2003,0,155,136,10,9,5
2025-07-16,2003,9,154,132,3,28,5
2025-07-17,2003,28,188,147,2,67,5
2025-07-18,2003,67,182,176,6,67,5
2025-07-19,2003,67,157,177,8,39,5
2025-07-20,2003,39,194,107,7,119,5
2025-07-21,2003,119,192,196,3,112,5
2025-07-22,2003,112,182,156,6,132,5
2025-07-23,2003,132,128,150,3,107,5
2025-07-24,2003,107,102,55,5,149,5
2025-07-25,2003,149,141,148,3,139,5
2025-07-26,2003,139,142,203,10,68,5
2025-07-27,2003,68,159,207,9,11,5
2025-07-28,2003,11,155,111,10,45,5
2025-07-29,2003,45,181,132,5,89,5
2025-07-30,2003,89,132,109,2,110,5
2025-07-31,2003,110,115,157,3,65,5
2025-08-01,2003,65,151,158,2,56,5
2025-08-02,2003,56,192,165,4,79,5
2025-08-03,2003,79,164,147,8,88,5
2025-08-04,2003,88,169,108,4,145,5
2025-08-05,2003,145,101,120,5,121,5
2025-08-06,2003,121,174,142,6,147,5
2025-08-07,2003,147,102,73,7,169,5
2025-08-08,2003,169,175,162,7,175,5
2025-08-09,2003,175,185,116,7,237,5
2025-08-10,2003,237,170,106,5,296,5
2025-08-11,2003,296,102,91,7,300,5
2025-08-12,2003,300,107,89,8,310,5
2025-08-13,2003,310,173,49,2,432,5
2025-08-14,2003,432,177,150,4,455,5
2025-08-15,2003,455,116,183,4,384,5
2025-08-16,2003,384,157,228,7,306,5
2025-08-17,2003,306,144,158,2,290,5
2025-08-18,2003,290,143,206,2,225,5
2025-08-19,2003,225,169,164,8,222,5
2025-08-20,2003,222,133,149,9,197,5
2025-08-21,2003,197,144,174,3,164,5
2025-08-22,2003,164,144,131,8,169,5
2025-08-23,2003,169,128,114,10,173,5
2025-08-24,2003,173,105,199,9,70,5
2025-08-25,2003,70,184,158,2,94,5
2025-08-26,2003,94,119,171,4,38,5
2025-08-27,2003,38,154,100,4,88,5
2025-08-28,2003,88,148,115,2,119,5
2025-08-29,2003,119,168,179,4,104,5
2025-08-30,2003,104,151,123,2,130,5
2025-08-31,2003,130,114,99,3,142,5
2025-09-01,2003,142,167,165,8,136,5
2025-09-02,2003,136,100,157,10,69,5
2025-09-03,2003,69,145,200,4,10,5
2025-09-04,2003,10,137,179,3,0,5
2025-09-05,2003,0,190,179,2,9,5
2025-09-06,2003,9,116,233,8,0,5
2025-09-07,2003,0,136,90,9,37,5
2025-09-08,2003,37,100,99,4,34,5
2025-09-09,2003,34,169,96,7,100,5
2025-09-10,2003,100,135,70,8,157,5
2025-09-11,2003,157,199,169,2,185,5
2025-09-12,2003,185,164,217,8,124,5
2025-09-13,2003,124,120,126,5,113,5
2025-09-14,2003,113,109,159,10,53,5
2025-09-15,2003,53,164,206,3,8,5
2025-09-16,2003,8,117,214,5,0,5
2025-09-17,2003,0,116,216,8,0,5
2025-09-18,2003,0,158,177,5,0,5
2025-09-19,2003,0,119,142,3,0,5
2025-09-20,2003,0,145,168,6,0,5
2025-09-21,2003,0,170,82,7,81,5
2025-09-22,2003,81,183,241,10,13,5
2025-09-23,2003,13,151,169,2,0,5
2025-09-24,2003,0,101,145,4,0,5
2025-09-25,2003,0,127,144,7,0,5
2025-09-26,2003,0,135,155,3,0,5
2025-09-27,2003,0,177,91,10,76,5
2025-09-28,2003,76,109,62,5,118,5
2025-09-29,2003,118,158,139,3,134,5
2025-09-30,2003,134,175,101,8,200,5
2025-10-01,2003,200,125,182,9,134,5
2025-10-02,2003,134,151,83,5,197,5
2025-10-03,2003,197,185,221,10,151,5
2025-10-04,2003,151,194,238,8,99,5
2025-10-05,2003,99,179,155,6,117,5
2025-10-06,2003,117,118,198,10,27,5
2025-10-07,2003,27,124,142,8,1,5
2025-10-08,2003,1,140,158,5,0,5
2025-10-09,2003,0,160,98,5,57,5
2025-10-10,2003,57,119,127,2,47,5
2025-10-11,2003,47,185,171,2,59,5
2025-10-12,2003,59,129,123,6,59,5
2025-10-13,2003,59,157,135,3,78,5
2025-10-14,2003,78,105,239,4,0,5
2025-10-15,2003,0,139,165,3,0,5
2024-10-16,2004,563,160,144,7,572,4
2024-10-17,2004,572,161,232,8,493,4
2024-10-18,2004,493,117,82,7,521,4
2024-10-19,2004,521,166,124,6,557,4
2024-10-20,2004,557,104,167,5,489,4
2024-10-21,2004,489,197,115,4,567,4
2024-10-22,2004,567,133,178,3,519,4
2024-10-23,2004,519,106,183,6,436,4
2024-10-24,2004,436,104,75,5,460,4
2024-10-25,2004,460,192,104,7,541,4
2024-10-26,2004,541,156,129,5,563,4
2024-10-27,2004,563,172,114,5,616,4
2024-10-28,2004,616,151,185,3,579,4
2024-10-29,2004,579,102,128,10,543,4
2024-10-30,2004,543,119,176,5,481,4
2024-10-31,2004,481,115,172,10,414,4
2024-11-01,2004,414,135,198,6,345,4
2024-11-02,2004,345,200,118,2,425,4
2024-11-03,2004,425,148,187,4,382,4
2024-11-04,2004,382,132,158,5,351,4
2024-11-05,2004,351,125,168,2,306,4
2024-11-06,2004,306,114,149,9,262,4
2024-11-07,2004,262,169,168,9,254,4
2024-11-08,2004,254,119,105,8,260,4
2024-11-09,2004,260,159,164,7,248,4
2024-11-10,2004,248,198,159,7,280,4
2024-11-11,2004,280,147,200,2,225,4
2024-11-12,2004,225,173,158,5,235,4
2024-11-13,2004,235,174,134,5,270,4
2024-11-14,2004,270,116,139,3,244,4
2024-11-15,2004,244,138,136,8,238,4
2024-11-16,2004,238,186,111,3,310,4
2024-11-17,2004,310,185,172,10,313,4
2024-11-18,2004,313,102,130,2,283,4
2024-11-19,2004,283,128,129,4,278,4
2024-11-20,2004,278,120,94,10,294,4
2024-11-21,2004,294,124,131,10,277,4
2024-11-22,2004,277,144,105,2,314,4
2024-11-23,2004,314,110,185,2,237,4
2024-11-24,2004,237,185,185,5,232,4
2024-11-25,2004,232,141,150,5,218,4
2024-11-26,2004,218,187,178,4,223,4
2024-11-27,2004,223,157,181,9,190,4
2024-11-28,2004,190,194,98,8,278,4
2024-11-29,2004,278,189,170,8,289,4
2024-11-30,2004,289,117,126,7,273,4
2024-12-01,2004,273,105,162,10,206,4
2024-12-02,2004,206,102,143,2,163,4
2024-12-03,2004,163,124,104,5,178,4
2024-12-04,2004,178,139,148,5,164,4
2024-12-05,2004,164,175,175,5,159,4
2024-12-06,2004,159,169,123,5,200,4
2024-12-07,2004,200,190,161,3,226,4
2024-12-08,2004,226,159,202,7,176,4
2024-12-09,2004,176,160,186,10,140,4
2024-12-10,2004,140,188,127,5,196,4
2024-12-11,2004,196,172,230,7,131,4
2024-12-12,2004,131,142,171,10,92,4
2024-12-13,2004,92,107,167,4,28,4
2024-12-14,2004,28,197,153,3,69,4
2024-12-15,2004,69,186,188,10,57,4
2024-12-16,2004,57,127,145,3,36,4
2024-12-17,2004,36,146,131,3,48,4
2024-12-18,2004,48,197,119,5,121,4
2024-12-19,2004,121,126,66,10,171,4
2024-12-20,2004,171,151,165,4,153,4
2024-12-21,2004,153,137,165,2,123,4
2024-12-22,2004,123,147,143,7,120,4
2024-12-23,2004,120,169,88,4,197,4
2024-12-24,2004,197,100,142,9,146,4
2024-12-25,2004,146,183,203,10,116,4
2024-12-26,2004,116,145,134,10,117,4
2024-12-27,2004,117,159,132,8,136,4
2024-12-28,2004,136,127,72,3,188,4
2024-12-29,2004,188,114,137,9,156,4
2024-12-30,2004,156,148,204,4,96,4
2024-12-31,2004,96,157,103,2,148,4
2025-01-01,2004,148,118,166,9,91,4
2025-01-02,2004,91,135,201,4,21,4
2025-01-03,2004,21,192,181,10,22,4
2025-01-04,2004,22,132,143,6,5,4
2025-01-05,2004,5,184,47,10,132,4
2025-01-06,2004,132,179,123,3,185,4
2025-01-07,2004,185,119,154,3,147,4
2025-01-08,2004,147,127,157,8,109,4
2025-01-09,2004,109,143,150,4,98,4
2025-01-10,2004,98,166,139,10,115,4
2025-01-11,2004,115,152,120,4,143,4
2025-01-12,2004,143,166,120,7,182,4
2025-01-13,2004,182,152,114,8,212,4
2025-01-14,2004,212,158,130,5,235,4
2025-01-15,2004,235,119,131,9,214,4
2025-01-16,2004,214,181,145,5,245,4
2025-01-17,2004,245,169,156,8,250,4
2025-01-18,2004,250,172,196,5,221,4
2025-01-19,2004,221,169,145,6,239,4
2025-01-20,2004,239,148,151,5,231,4
2025-01-21,2004,231,178,179,8,222,4
2025-01-22,2004,222,135,145,6,206,4
2025-01-23,2004,206,197,146,10,247,4
2025-01-24,2004,247,106,111,5,237,4
2025-01-25,2004,237,102,216,7,116,4
2025-01-26,2004,116,186,96,8,198,4
2025-01-27,2004,198,112,150,7,153,4
2025-01-28,2004,153,105,208,2,48,4
2025-01-29,2004,48,110,126,2,30,4
2025-01-30,2004,30,105,131,8,0,4
2025-01-31,2004,0,196,208,3,0,4
2025-02-01,2004,0,141,84,5,52,4
2025-02-02,2004,52,124,144,6,26,4
2025-02-03,2004,26,152,140,6,32,4
2025-02-04,2004,32,182,187,9,18,4
2025-02-05,2004,18,160,81,6,91,4
2025-02-06,2004,91,162,190,3,60,4
2025-02-07,2004,60,121,84,3,94,4
2025-02-08,2004,94,154,145,4,99,4
2025-02-09,2004,99,162,130,6,125,4
2025-02-10,2004,125,109,104,7,123,4
2025-02-11,2004,123,146,172,2,95,4
2025-02-12,2004,95,174,52,6,211,4
2025-02-13,2004,211,189,110,2,288,4
2025-02-14,2004,288,129,105,4,308,4
2025-02-15,2004,308,131,184,2,253,4
2025-02-16,2004,253,127,108,7,265,4
2025-02-17,2004,265,197,96,5,361,4
2025-02-18,2004,361,141,98,4,400,4
2025-02-19,2004,400,193,120,9,464,4
2025-02-20,2004,464,193,142,9,506,4
2025-02-21,2004,506,159,148,9,508,4
2025-02-22,2004,508,164,164,7,501,4
2025-02-23,2004,501,169,183,10,477,4
2025-02-24,2004,477,112,125,9,455,4
2025-02-25,2004,455,101,143,7,406,4
2025-02-26,2004,406,181,92,8,487,4
2025-02-27,2004,487,168,218,5,432,4
2025-02-28,2004,432,196,175,3,450,4
2025-03-01,2004,450,176,182,10,434,4
2025-03-02,2004,434,165,206,3,390,4
2025-03-03,2004,390,117,102,5,400,4
2025-03-04,2004,400,120,138,9,373,4
2025-03-05,2004,373,158,99,3,429,4
2025-03-06,2004,429,109,126,10,402,4
2025-03-07,2004,402,137,110,6,423,4
2025-03-08,2004,423,121,131,5,408,4
2025-03-09,2004,408,200,79,3,526,4
2025-03-10,2004,526,172,142,4,552,4
2025-03-11,2004,552,105,202,9,446,4
2025-03-12,2004,446,159,140,9,456,4
2025-03-13,2004,456,150,171,3,432,4
2025-03-14,2004,432,105,209,6,322,4
2025-03-15,2004,322,158,126,10,344,4
2025-03-16,2004,344,139,141,10,332,4
2025-03-17,2004,332,178,190,8,312,4
2025-03-18,2004,312,124,198,5,233,4
2025-03-19,2004,233,172,100,10,295,4
2025-03-20,2004,295,153,157,7,284,4
2025-03-21,2004,284,134,185,2,231,4
2025-03-22,2004,231,142,177,4,192,4
2025-03-23,2004,192,195,233,10,144,4
2025-03-24,2004,144,162,177,9,120,4
2025-03-25,2004,120,189,117,7,185,4
2025-03-26,2004,185,118,102,8,193,4
2025-03-27,2004,193,195,136,5,247,4
2025-03-28,2004,247,102,115,7,227,4
2025-03-29,2004,227,144,94,3,274,4
2025-03-30,2004,274,196,169,2,299,4
2025-03-31,2004,299,153,121,10,321,4
2025-04-01,2004,321,195,112,7,397,4
2025-04-02,2004,397,140,190,3,344,4
2025-04-03,2004,344,148,221,3,268,4
2025-04-04,2004,268,134,168,10,224,4
2025-04-05,2004,224,130,167,8,179,4
2025-04-06,2004,179,103,211,3,68,4
2025-04-07,2004,68,165,131,9,93,4
2025-04-08,2004,93,142,151,10,74,4
2025-04-09,2004,74,107,171,4,6,4
2025-04-10,2004,6,151,126,4,27,4
2025-04-11,2004,27,157,189,10,0,4
2025-04-12,2004,0,186,186,4,0,4
2025-04-13,2004,0,157,167,8,0,4
2025-04-14,2004,0,107,157,3,0,4
2025-04-15,2004,0,129,175,5,0,4
2025-04-16,2004,0,127,204,4,0,4
2025-04-17,2004,0,159,125,10,24,4
2025-04-18,2004,24,109,166,6,0,4
2025-04-19,2004,0,181,237,3,0,4
2025-04-20,2004,0,119,243,6,0,4
2025-04-21,2004,0,101,226,8,0,4
2025-04-22,2004,0,127,201,2,0,4
2025-04-23,2004,0,148,127,3,18,4
2025-04-24,2004,18,165,167,10,6,4
2025-04-25,2004,6,166,75,4,93,4
2025-04-26,2004,93,122,97,7,111,4
2025-04-27,2004,111,167,104,7,167,4
2025-04-28,2004,167,166,152,5,176,4
2025-04-29,2004,176,111,94,2,191,4
2025-04-30,2004,191,153,119,3,222,4
2025-05-01,2004,222,135,126,3,228,4
2025-05-02,2004,228,120,84,8,256,4
2025-05-03,2004,256,123,127,4,248,4
2025-05-04,2004,248,112,95,4,261,4
2025-05-05,2004,261,155,135,5,276,4
2025-05-06,2004,276,147,204,10,209,4
2025-05-07,2004,209,172,151,6,224,4
2025-05-08,2004,224,200,166,9,249,4
2025-05-09,2004,249,140,105,5,279,4
2025-05-10,2004,279,121,171,6,223,4
2025-05-11,2004,223,146,178,9,182,4
2025-05-12,2004,182,130,107,6,199,4
2025-05-13,2004,199,146,143,6,196,4
2025-05-14,2004,196,117,100,4,209,4
2025-05-15,2004,209,116,195,7,123,4
2025-05-16,2004,123,176,179,2,118,4
2025-05-17,2004,118,116,162,2,70,4
2025-05-18,2004,70,197,190,2,75,4
2025-05-19,2004,75,104,156,3,20,4
2025-05-20,2004,20,136,134,8,14,4
2025-05-21,2004,14,185,138,5,56,4
2025-05-22,2004,56,148,164,5,35,4
2025-05-23,2004,35,158,69,8,116,4
2025-05-24,2004,116,177,141,7,145,4
2025-05-25,2004,145,164,183,4,122,4
2025-05-26,2004,122,177,124,10,165,4
2025-05-27,2004,165,175,170,6,164,4
2025-05-28,2004,164,133,102,3,192,4
2025-05-29,2004,192,157,172,7,170,4
2025-05-30,2004,170,160,173,10,147,4
2025-05-31,2004,147,135,164,6,112,4
2025-06-01,2004,112,125,140,2,95,4
2025-06-02,2004,95,170,179,2,84,4
2025-06-03,2004,84,118,121,6,75,4
2025-06-04,2004,75,194,194,9,66,4
2025-06-05,2004,66,125,185,9,0,4
2025-06-06,2004,0,191,86,4,101,4
2025-06-07,2004,101,110,203,7,1,4
2025-06-08,2004,1,113,125,2,0,4
2025-06-09,2004,0,167,140,4,23,4
2025-06-10,2004,23,122,159,3,0,4
2025-06-11,2004,0,198,160,3,35,4
2025-06-12,2004,35,149,134,6,44,4
2025-06-13,2004,44,179,143,9,71,4
2025-06-14,2004,71,156,166,7,54,4
2025-06-15,2004,54,148,137,5,60,4
2025-06-16,2004,60,194,189,6,59,4
2025-06-17,2004,59,187,75,9,162,4
2025-06-18,2004,162,188,93,9,248,4
2025-06-19,2004,248,108,81,6,269,4
2025-06-20,2004,269,127,152,7,237,4
2025-06-21,2004,237,189,181,2,243,4
2025-06-22,2004,243,193,182,10,244,4
2025-06-23,2004,244,199,134,9,300,4
2025-06-24,2004,300,169,106,5,358,4
2025-06-25,2004,358,115,158,4,311,4
2025-06-26,2004,311,151,180,6,276,4
2025-06-27,2004,276,122,160,6,232,4
2025-06-28,2004,232,152,170,8,206,4
2025-06-29,2004,206,111,166,2,149,4
2025-06-30,2004,149,107,83,9,164,4
2025-07-01,2004,164,147,159,9,143,4
2025-07-02,2004,143,174,160,6,151,4
2025-07-03,2004,151,126,235,10,32,4
2025-07-04,2004,32,196,174,5,49,4
2025-07-05,2004,49,141,178,6,6,4
2025-07-06,2004,6,115,145,2,0,4
2025-07-07,2004,0,135,117,7,11,4
2025-07-08,2004,11,195,158,5,43,4
2025-07-09,2004,43,182,185,7,33,4
2025-07-10,2004,33,180,191,6,16,4
2025-07-11,2004,16,101,137,7,0,4
2025-07-12,2004,0,152,175,3,0,4
2025-07-13,2004,0,120,167,4,0,4
2025-07-14,2004,0,106,154,4,0,4
2025-07-15,2004,0,160,167,6,0,4
2025-07-16,2004,0,131,175,4,0,4
2025-07-17,2004,0,173,169,2,2,4
2025-07-18,2004,2,160,114,9,39,4
2025-07-19,2004,39,185,179,5,40,4
2025-07-20,2004,40,130,147,9,14,4
2025-07-21,2004,14,110,124,10,0,4
2025-07-22,2004,0,165,172,4,0,4
2025-07-23,2004,0,189,166,3,20,4
2025-07-24,2004,20,102,199,2,0,4
2025-07-25,2004,0,159,170,7,0,4
2025-07-26,2004,0,156,136,5,15,4
2025-07-27,2004,15,152,144,4,19,4
2025-07-28,2004,19,130,153,8,0,4
2025-07-29,2004,0,187,214,4,0,4
2025-07-30,2004,0,178,165,10,3,4
2025-07-31,2004,3,114,177,10,0,4
2025-08-01,2004,0,139,205,5,0,4
2025-08-02,2004,0,150,114,10,26,4
2025-08-03,2004,26,186,173,4,35,4
2025-08-04,2004,35,173,156,8,44,4
2025-08-05,2004,44,136,162,3,15,4
2025-08-06,2004,15,165,79,6,95,4
2025-08-07,2004,95,157,135,3,114,4
2025-08-08,2004,114,155,88,8,173,4
2025-08-09,2004,173,187,176,7,177,4
2025-08-10,2004,177,173,210,7,133,4
2025-08-11,2004,133,131,62,5,197,4
2025-08-12,2004,197,143,138,3,199,4
2025-08-13,2004,199,130,86,7,236,4
2025-08-14,2004,236,131,111,3,253,4
2025-08-15,2004,253,134,109,10,268,4
2025-08-16,2004,268,148,116,5,295,4
2025-08-17,2004,295,165,179,6,275,4
2025-08-18,2004,275,124,134,3,262,4
2025-08-19,2004,262,114,144,5,227,4
2025-08-20,2004,227,131,152,5,201,4
2025-08-21,2004,201,103,111,8,185,4
2025-08-22,2004,185,127,109,9,194,4
2025-08-23,2004,194,117,44,3,264,4
2025-08-24,2004,264,127,119,9,263,4
2025-08-25,2004,263,120,177,6,200,4
2025-08-26,2004,200,164,115,7,242,4
2025-08-27,2004,242,136,137,5,236,4
2025-08-28,2004,236,105,189,10,142,4
2025-08-29,2004,142,111,80,10,163,4
2025-08-30,2004,163,108,181,9,81,4
2025-08-31,2004,81,158,215,6,18,4
2025-09-01,2004,18,132,189,3,0,4
2025-09-02,2004,0,143,136,9,0,4
2025-09-03,2004,0,149,147,10,0,4
2025-09-04,2004,0,105,116,3,0,4
2025-09-05,2004,0,150,156,8,0,4
2025-09-06,2004,0,161,107,7,47,4
2025-09-07,2004,47,121,26,2,140,4
2025-09-08,2004,140,141,174,4,103,4
2025-09-09,2004,103,145,156,8,84,4
2025-09-10,2004,84,100,165,4,15,4
2025-09-11,2004,15,104,92,5,22,4
2025-09-12,2004,22,143,167,2,0,4
2025-09-13,2004,0,144,147,6,0,4
2025-09-14,2004,0,133,122,8,3,4
2025-09-15,2004,3,116,275,2,0,4
2025-09-16,2004,0,114,187,7,0,4
2025-09-17,2004,0,197,134,7,56,4
2025-09-18,2004,56,171,168,6,53,4
2025-09-19,2004,53,119,234,8,0,4
2025-09-20,2004,0,116,60,3,53,4
2025-09-21,2004,53,122,108,5,62,4
2025-09-22,2004,62,121,175,5,3,4
2025-09-23,2004,3,124,174,5,0,4
2025-09-24,2004,0,159,48,6,105,4
2025-09-25,2004,105,109,90,8,116,4
2025-09-26,2004,116,198,167,10,137,4
2025-09-27,2004,137,108,106,2,137,4
2025-09-28,2004,137,169,135,8,163,4
2025-09-29,2004,163,154,187,6,124,4
2025-09-30,2004,124,145,87,10,172,4
2025-10-01,2004,172,170,151,6,185,4
2025-10-02,2004,185,152,137,9,191,4
2025-10-03,2004,191,187,228,2,148,4
2025-10-04,2004,148,199,118,7,222,4
2025-10-05,2004,222,181,140,4,259,4
2025-10-06,2004,259,162,164,3,254,4
2025-10-07,2004,254,138,131,4,257,4
2025-10-08,2004,257,197,213,8,233,4
2025-10-09,2004,233,114,131,10,206,4
2025-10-10,2004,206,158,95,9,260,4
2025-10-11,2004,260,110,129,3,238,4
2025-10-12,2004,238,104,154,3,185,4
2025-10-13,2004,185,107,215,7,70,4
2025-10-14,2004,70,157,152,3,72,4
2025-10-15,2004,72,173,174,7,64,4
